order_id	user_id	status	created_at	sent_at
tok-63a25029aa6a	2000000000	1	10:30:56.073000	10:31:05.867000
tok-ade385e29a7e	2000000001	1	10:30:56.106000	10:31:05.868000
tok-d4e02d7bcd25	2000000002	1	10:30:56.145000	10:31:05.868000
tok-2e7167bf7399	2000000003	1	10:30:56.159000	10:31:05.868000
tok-919e4e2223ea	2000000004	1	10:30:56.167000	10:31:05.868000
tok-985771525b2a	2000000005	1	10:30:56.175000	10:31:05.869000
tok-5d303d427da1	2000000006	1	10:30:56.186000	10:31:05.869000
tok-ec719cb70d20	2000000007	1	10:30:56.196000	10:31:05.869000
tok-5dc918da3974	2000000008	1	10:30:56.207000	10:31:05.869000
tok-efd0a8b3bae0	2000000009	1	10:30:56.218000	10:31:05.870000
